Seconds, instWeight, Thrust, ThrustX, ThrustY, Air Resistance, density
0, 21519178.8860611, 34500000, 0, 34500000, 0.0, 1.2275199342947976
1, 21420917.795257166, 34500000, 3467032.6113673304, 34325350.469758, 286.55271758215054, 1.2275199342947976
2, 21322617.02906826, 34500000, 3501519.6994832973, 34321849.59751048, 1165.2971626480091, 1.2275199342947976
3, 21224277.189513665, 34500000, 3536342.665518484, 34318279.10242636, 2677.038729177494, 1.2268227306708268
4, 21125898.35705915, 34500000, 3571504.490236756, 34314637.62997095, 4840.762851564869, 1.225430170155497
5, 21027480.61891632, 34500000, 3607008.291390387, 34310923.78799849, 7673.545645352746, 1.2233357854501872
6, 20929024.06913101, 34500000, 3642857.0741743273, 34307136.17218928, 11190.399055866512, 1.2205340286545716
7, 20830528.808665518, 34500000, 3679054.160821197, 34303273.320220396, 15404.116306470243, 1.2170203044984598
8, 20731994.94547429, 34500000, 3715602.496223778, 34299333.78493022, 20325.120773929997, 1.2127910024897504
9, 20633422.59457257, 34500000, 3752505.345140938, 34295316.059699595, 25961.319242430884, 1.2078435278510227
10, 20534811.878097586, 34500000, 3789765.804697985, 34291218.63021992, 32317.960605517397, 1.2021763311198372
11, 20436162.92536205, 34500000, 3827387.120600406, 34287039.93973616, 39397.50100697681, 1.1957889362805871
12, 20337475.872899424, 34500000, 3865372.5039346875, 34282778.40849288, 47199.47651109207, 1.1886819673034903
13, 20238750.86450072, 34500000, 3903725.224782899, 34278432.42287187, 55720.3843370018, 1.180857172959593
14, 20139988.051242627, 34500000, 3942448.513778842, 34274000.345979504, 64953.57373638024, 1.1723174497860493
15, 20041187.591506485, 34500000, 3981545.6074168743, 34269480.51220006, 74889.14755744848, 1.1630668630740721
16, 19942349.650988027, 34500000, 4021019.9049477014, 34264871.20833835, 85513.87555129713, 1.1531106657552863
17, 19843474.40269771, 34500000, 4060874.6583160646, 34260170.70899453, 96811.12046194765, 1.1424553150630974
18, 19744562.026951347, 34500000, 4101113.229799302, 34255377.246154584, 108760.77784990174, 1.1311084868491654
19, 19645612.711351167, 34500000, 4141739.0445197937, 34250489.01383892, 121339.23067364228, 1.1190790874388608
20, 19546626.650756996, 34500000, 4182755.3651079875, 34245504.1947941, 134519.3195251145, 1.1063772629100725
21, 19447604.04724775, 34500000, 4224165.622996537, 34240420.920156546, 148270.3293690832, 1.093014405687281
22, 19348545.110073145, 34500000, 4265973.254483953, 34235237.28838501, 162557.99368338007, 1.079003158345187
23, 19249450.055595897, 34500000, 4308181.69854488, 34229951.36503006, 177344.51670127487, 1.0643574145197294
24, 19150319.107224416, 34500000, 4350794.394489397, 34224561.18253205, 192588.61447252412, 1.0490923168329696
25, 19051152.495336283, 34500000, 4393814.905662398, 34219064.72384625, 208245.57536907887, 1.033224251740485
26, 18951950.457192887, 34500000, 4437246.607498415, 34213459.96160347, 224267.34060699996, 1.0167708412165548
27, 18852713.236845363, 34500000, 4481093.059811709, 34207744.81004714, 240602.6051806035, 0.9997509311983616
28, 18753441.085032452, 34500000, 4525357.621508398, 34201917.17429677, 257196.9397071442, 0.9821845767172517
29, 18654134.259070594, 34500000, 4570044.042083569, 34195974.872101784, 273992.9333491114, 0.9640930236485287
30, 18554793.022736847, 34500000, 4615155.8721918, 34189915.71027009, 290930.3581944129, 0.9454986870220891
31, 18455417.646145362, 34500000, 4660696.653594041, 34183737.459546134, 307946.35499288316, 0.9264251258376622
32, 18356008.40561796, 34500000, 4706669.915880314, 34177437.85456931, 324975.64040435007, 0.9068970143413084
33, 18256565.58354945, 34500000, 4753079.320457947, 34171014.57336956, 341950.73564354907, 0.8869401097185439
34, 18157089.468268663, 34500000, 4799928.295403223, 34164465.287180886, 358802.2163735768, 0.8665812161711004
35, 18057580.353895973, 34500000, 4847220.853197222, 34157787.54545338, 375458.98346689204, 0.8458481453494948
36, 17958038.540198136, 34500000, 4894960.395839135, 34150978.94238416, 391848.5544957693, 0.8247696731209119
37, 17858464.332441796, 34500000, 4943150.448110428, 34144037.014497064, 407897.3750583869, 0.8033754926548892
38, 17758858.041246105, 34500000, 4991794.99324582, 34136959.1900832, 423531.1497505452, 0.7816961638232283
39, 17659219.982435863, 34500000, 5040897.52196166, 34129742.92568113, 438675.19201451464, 0.7597630589036198
40, 17559550.476896565, 34500000, 5090461.825378452, 34122385.590757936, 453254.79179543024, 0.7376083045952991
41, 17459849.850431878, 34500000, 5140491.506267511, 34114884.53848249, 467195.6004635922, 0.7152647203583232
42, 17360118.43362547, 34500000, 5190990.309226128, 34107237.05622489, 480424.03170461045, 0.692765753086073
43, 17260356.561707843, 34500000, 5241962.2222430175, 34099440.34820186, 492867.67740729556, 0.6701454081380429
44, 17160564.574429955, 34500000, 5293410.494511448, 34091491.68541318, 504455.73722471204, 0.6474381767581394
45, 17060742.8159447, 34500000, 5345339.328691, 34083388.14527026, 515119.4601715868, 0.6246789599155905
46, 16960891.63469742, 34500000, 5397752.266641237, 34075126.859161794, 524792.5972670924, 0.6019029886109729
47, 16861011.383327376, 34500000, 5450652.991365972, 34066704.88861101, 533411.8628086243, 0.5791457406910093
48, 16761102.41858095, 34500000, 5504045.63522435, 34058119.1736327, 540917.4029099131, 0.5564428542399583
49, 16661165.10123822, 34500000, 5557933.415411251, 34049366.75108445, 547253.2691151443, 0.5338300376043522
50, 16561199.796054557, 34500000, 5612320.590080629, 34040444.43884593, 552367.8944828445, 0.5113429761324416
51, 16461206.871717865, 34500000, 5667210.680408554, 34031349.12259376, 556214.5703102541, 0.4890172357173911
52, 16361186.700823836, 34500000, 5722607.566111648, 34022077.57683651, 558751.9199982843, 0.46688816323653337
53, 16261139.659869617, 34500000, 5778515.085483224, 34012626.52908244, 559944.3676287241, 0.44499078401172465
54, 16161066.129267832, 34500000, 5834937.029288799, 34002992.66041497, 559762.5976416463, 0.4233596964108864
55, 16060966.493381863, 34500000, 5891877.0215945635, 33993172.62572598, 558184.0020773645, 0.40202896374517577
56, 15960841.140583793, 34500000, 5949338.961612051, 33983162.97697795, 555193.1113968977, 0.38103200362853246
57, 15860690.463335823, 34500000, 6007326.698006739, 33972960.217552654, 548870.1125591194, 0.35915043788228757
58, 15760514.858296677, 34500000, 6065843.902731745, 33962560.824350275, 536205.1807802059, 0.3347084397070713
59, 15660314.720751585, 34500000, 6124894.5389698595, 33951961.164069705, 522681.47977181815, 0.31140523851868696
60, 15560090.43588388, 34500000, 6184482.020232993, 33941157.64291806, 508379.2360369168, 0.2892314970416915
61, 15459842.395489145, 34500000, 6244610.798452271, 33930146.41842639, 493380.6713692426, 0.2681740474497364
62, 15359570.998356678, 34500000, 6305284.0165463155, 33918923.82536164, 477769.6361291345, 0.24821631684282155
63, 15259276.650655922, 34500000, 6366505.479466497, 33907486.01680642, 461630.961012679, 0.22933857877381245
64, 15158959.766325297, 34500000, 6428279.183785883, 33895829.046289824, 445049.81576818455, 0.21151821283941288
65, 15058620.767462488, 34500000, 6490608.789422893, 33883948.96617964, 428111.08036970394, 0.1947299701470703
66, 14958260.08471385, 34500000, 6553498.002404217, 33871841.755837314, 410898.7343977511, 0.17894624250215485
67, 14857878.157660682, 34500000, 6616950.64950387, 33859503.30560137, 393495.27023070294, 0.1641373331890089
68, 14757475.43520071, 34500000, 6680970.039688413, 33846929.540636115, 375981.1352198842, 0.1502717272793878
69, 14657052.375923099, 34500000, 6745560.310640568, 33834116.15655877, 358434.2076693509, 0.13731635948156093
70, 14556609.448474841, 34500000, 6810724.935079455, 33821058.91096089, 340929.31126488955, 0.12523687763455588
71, 14456147.131917894, 34500000, 6876467.495113534, 33807753.471484125, 323537.7717080111, 0.11399790005833468
72, 14355665.9160748, 34500000, 6942791.692940529, 33794195.41146728, 306327.01925448753, 0.10356326509804335
73, 14255166.301861897, 34500000, 7009701.203598215, 33780380.23818373, 289360.23999545805, 0.09389627132761409
74, 14154648.801609214, 34500000, 7077199.429551896, 33766303.443438254, 272696.07819416805, 0.08495990703016597
75, 14054113.93936599, 34500000, 7145290.050603425, 33751960.38888331, 256388.3913545356, 0.07671706772535337
76, 13953562.251190966, 34500000, 7213976.6314746365, 33737346.38587537, 240486.05907740755, 0.06913076067616622
77, 13852994.285427231, 34500000, 7283262.439695273, 33722456.734860286, 225032.84598776273, 0.06216429547578085
78, 13752410.602961075, 34500000, 7353151.20103156, 33707286.56262275, 210067.3184191809, 0.055781459987756854
79, 13651811.777464502, 34500000, 7423646.07964888, 33691831.04083412, 195622.81388774377, 0.04994668108393271
80, 13551198.395621922, 34500000, 7494750.708908747, 33676085.16159964, 181727.46163666717, 0.04462516979695403
81, 13450571.057340512, 34500000, 7566468.2245625965, 33660043.9483772, 165480.8443972305, 0.03909243820729235
82, 13349930.375945251, 34500000, 7638802.249271043, 33643702.23677132, 151515.55647771203, 0.03444263838560959
83, 13249276.969798842, 34500000, 7711755.698170603, 33627054.941694394, 138539.59362333082, 0.03031198322631227
84, 13148611.476122474, 34500000, 7785331.880136598, 33610096.809085935, 126505.09048658854, 0.02664737756356974
85, 13047934.547243824, 34500000, 7859534.140520824, 33592822.49371118, 115363.87134533166, 0.02340048147902266
86, 12947246.8505511, 34500000, 7934365.562643085, 33575226.62795209, 105067.81790595823, 0.020527372113568643
87, 12846549.068450097, 34500000, 8009829.2526984485, 33557303.75555546, 95569.21798497236, 0.01798822199331467
88, 12745841.89832512, 34500000, 8085928.238892473, 33539048.3543508, 86821.07139340245, 0.015746989581819804
89, 12645126.052505208, 34500000, 8162665.465837998, 33520454.83720076, 78777.35449028073, 0.013771123257347806
90, 12544402.25823651, 34500000, 8240043.788698331, 33501517.553095024, 71393.24526597827, 0.012031279599884264
91, 12443671.257661734, 34500000, 8318066.1883429205, 33482230.733425546, 64625.31112002426, 0.010501056590539522
92, 12342933.807807237, 34500000, 8396735.221955428, 33462588.626888584, 58431.661735070564, 0.009156742076295302
93, 12242190.680578748, 34500000, 8476054.018682526, 33442585.2510295, 52772.06960839246, 0.007977077634623176
94, 12141442.662765497, 34500000, 8556025.050146772, 33422214.698329926, 47608.060927061444, 0.006943037784147693
95, 12040690.556054203, 34500000, 8636650.666394003, 33401471.004533257, 42902.97949314102, 0.006037624327377572
96, 11939935.177051974, 34500000, 8717933.815329628, 33380347.960911553, 38622.02643945692, 0.005245675478482952
97, 11839177.357319014, 34500000, 8799876.49735014, 33358839.51265968, 34732.27841558762, 0.004553689319754745
98, 11738417.943411555, 34500000, 8882481.69058819, 33336939.256871883, 31202.686841718605, 0.003949661044351766
99, 11637657.79693411, 34500000, 8965751.014732337, 33314641.056776017, 28004.06074665989, 0.003422933376604264
100, 11536897.794602402, 34500000, 9049687.213518476, 33291938.383600917, 25109.03554212784, 0.002964059512636478
101, 11436138.828315202, 34500000, 9134292.008973772, 33268824.88899778, 22492.02997540319, 0.002564677892165298
102, 11335381.805236872, 34500000, 9219567.495756896, 33245294.030752424, 20129.193306956153, 0.002217398093292126
103, 11234627.647888875, 34500000, 9305515.905545106, 33221339.132124808, 17998.344621857508, 0.001915697135890259
104, 11133877.294251172, 34500000, 9392138.784332616, 33196953.61107454, 16078.90599330057, 0.0016538254820434052
105, 11033131.697873268, 34500000, 9479437.788641881, 33172130.760794796, 14351.831053045773, 0.0014267220339067705
106, 10932391.827993926, 34500000, 9567414.70125655, 33146863.74205228, 12799.530356778996, 0.0012299374475624237
107, 10831658.669670165, 34500000, 9656071.005306406, 33121145.703922756, 11405.79476452292, 0.0010595651051624677
108, 10730933.223915331, 34500000, 9745408.01239724, 33094969.748768523, 10155.717902580316, 0.0009121791155677274
109, 10630216.507845722, 34500000, 9835427.311306786, 33068328.799683854, 9035.618626658328, 0.000784778744485813
110, 10529509.554835714, 34500000, 9926130.021175232, 33041215.81907548, 8032.96426733014, 0.0006747387080241469
111, 10428813.41468162, 34500000, 10017516.754923582, 33013623.82509417, 7136.295311090213, 0.0005797647977602488
112, 10328129.153773507, 34500000, 10109588.708097314, 32985545.563975614, 6335.152055491962, 0.0004978543401451558
113, 10227457.855274774, 34500000, 10202347.226493834, 32956973.633361023, 5620.003670628244, 0.00042726102771740895
114, 10126800.619310413, 34500000, 10295791.82462454, 32927901.097761977, 4982.180003508943, 0.00036646369381437496
115, 10026158.563163387, 34500000, 10389924.270979073, 32898320.225253444, 4413.806378671543, 0.0003141386357801254
116, 9925532.821477333, 34500000, 10484744.136359759, 32868223.870405134, 3907.7415760714684, 0.00026913512376511246
117, 9824924.546469256, 34500000, 10580251.941648824, 32837604.493190978, 3457.5190980114126, 0.00023045376293208782
118, 9724334.908148017, 34500000, 10676447.82184272, 32806454.57691931, 3057.291787402919, 0.00019722740609909488
119, 9623765.094541626, 34500000, 10773331.863019465, 32774766.521963958, 2701.779807482027, 0.0001687043412483758
120, 9523216.311932031, 34500000, 10870903.736568084, 32742532.766270082, 2386.2219564382244, 0.00014423350416084424
121, 9422689.785097806, 34500000, 10969163.235456383, 32709745.61065726, 2106.3302564765017, 0.00012325149038735697
122, 9322186.757564396, 34500000, 11068109.529030964, 32676397.467489805, 1858.2477308351451, 0.00010527116303204444
123, 9221708.491862599, 34500000, 11167741.896008104, 32642480.618729718, 1638.5092609971455, 8.987167334866771e-05
124, 9121256.26979459, 34500000, 11268060.13945715, 32607987.069023088, 1444.0054006270536, 7.668973001957329e-05
125, 9020831.392708395, 34500000, 11369062.629976967, 32572909.217870932, 1271.9490106375142, 6.541197024712953e-05
126, 8920435.181781357, 34500000, 11470748.441446783, 32537239.129850063, 1119.8445717437262, 5.5768301536745374e-05
127, 8820068.978310881, 34500000, 11573115.966878358, 32500969.01351074, 985.4600261939429, 4.752609735410391e-05
128, 8719734.144014735, 34500000, 11676163.927562658, 32464090.868784305, 866.8009975647229, 4.0485142793889387e-05
129, 8619432.061339848, 34500000, 11779890.55209907, 32426596.777654096, 762.0872379536432, 3.4473238108356484e-05
130, 8519164.133780785, 34500000, 11884293.982160656, 32388478.76244854, 669.7311533542932, 2.9342378472571088e-05
131, 8418931.786207516, 34500000, 11989371.388060214, 32349729.113536067, 588.3182614796169, 2.496543783004302e-05
132, 8318736.4652030375, 34500000, 12095121.608542332, 32310339.417508017, 516.5894406270234, 2.123329313471432e-05
133, 8218579.639410443, 34500000, 12201541.401034562, 32270301.94217029, 453.4248336500508, 1.805233288008076e-05
134, 8118462.799892523, 34500000, 12308627.844466152, 32229608.756335106, 397.82927698519603, 1.5342300555940287e-05
135, 8018387.4605003875, 34500000, 12416378.616855763, 32188251.615191635, 348.9191314024561, 1.3034429680843515e-05
136, 7918355.158254077, 34500000, 12524789.889263779, 32146222.76768759, 305.9103977202917, 1.106983238427261e-05
137, 7818367.453736058, 34500000, 12633858.90651818, 32103513.968570344, 268.1080078344028, 9.398108239726356e-06
138, 7718425.931495757, 34500000, 12743581.353343735, 32060117.502758935, 234.89618837269487, 7.976144223109478e-06
139, 7618532.200468581, 34500000, 12853954.145771073, 32016025.0939809, 205.7298011613341, 6.76708035566042e-06
140, 7518687.894407135, 34500000, 12964972.721665718, 31971228.977417555, 180.12657156418487, 5.739418839711955e-06
141, 7418894.672328401, 34500000, 13076632.759716831, 31925721.2239207, 157.66012226862924, 4.86625734982191e-06
142, 7319154.218974568, 34500000, 13188930.346318424, 31879493.664736286, 137.95373649813598, 4.124629651978475e-06
143, 7219468.2452901695, 34500000, 13301860.273274982, 31832538.592928287, 120.67478063502185, 3.494938921608186e-06
144, 7119838.488916679, 34500000, 13415417.451549262, 31784848.19219163, 105.5297220294782, 2.9604710582625676e-06
145, 7020266.714703302, 34500000, 13529597.075228348, 31736414.463230915, 92.25968318035392, 2.506976978296677e-06
146, 6920754.715236714, 34500000, 13644393.108925369, 31687229.867710274, 80.63647856806801, 2.122314337171571e-06
147, 6821304.311390866, 34500000, 13759799.92316609, 31637286.64210062, 70.4590852053541, 1.796140415811067e-06
148, 6721917.352896205, 34500000, 13875811.906723583, 31586576.958088193, 61.550502396158684, 1.5196490220407124e-06
149, 6622595.718931412, 34500000, 13992422.303596018, 31535093.436960492, 53.75496031192368, 1.2853452296760058e-06
150, 6523341.318738492, 34500000, 14109624.936742688, 31482828.4012801, 46.935440809579504, 1.0868526223803455e-06
151, 6424156.092261116, 34500000, 14227412.901838385, 31429774.452270616, 40.971477410157604, 9.187484420040372e-07
152, 6325042.010809833, 34500000, 14345779.298785847, 31375924.150700763, 35.757204585052676, 7.76422676517334e-07
153, 6226001.077754101, 34500000, 14464716.62274232, 31321270.297096223, 31.199629448503355, 6.559576731343723e-07
154, 6127035.32924374, 34500000, 14584217.370594053, 31265805.661893036, 27.217101648370598, 5.540253382746204e-07
155, 6028146.834960906, 34500000, 14704273.897183865, 31209523.05237293, 23.737959707318876, 4.67799397789305e-07
156, 5929337.698905283, 34500000, 14824877.767551629, 31152415.623465758, 20.69933430193228, 3.9488054638394486e-07
157, 5830610.060214541, 34500000, 14946021.20870559, 31094476.198015023, 18.046090997680782, 3.3323262202362635e-07
158, 5731966.094021456, 34500000, 15067694.65164517, 31035698.443643626, 15.729896792592346, 2.8112820561419045e-07
159, 5633408.012352163, 34500000, 15189889.860716192, 30976075.38116008, 13.708396488594623, 2.371022741405878e-07
160, 5534938.065064968, 34500000, 15312597.452232637, 30915600.580708094, 11.944486404015421, 1.9991273163753894e-07
161, 5436558.540836931, 34500000, 15435807.881986968, 30854267.695578013, 10.405674296889016, 1.6850681103810906e-07
162, 5338271.768198024, 34500000, 15559511.452153055, 30792070.462544706, 9.063515581708195, 1.4199248503610073e-07
163, 5240080.116617758, 34500000, 15683698.13801357, 30729002.794032704, 7.893117013245533, 1.1961414857902935e-07
164, 5141985.997648091, 34500000, 15808357.765985783, 30665058.69458914, 6.872699992099739, 1.007319425559766e-07
165, 5043991.866126556, 34500000, 15933479.464776987, 30600232.550513893, 5.98321652255226, 8.480417991979165e-08
166, 4946100.221444417, 34500000, 16059052.57558732, 30534518.669442333, 5.208011638263191, 7.137241407657295e-08
167, 4848313.6088840645, 34500000, 16185065.732482625, 30467911.76361151, 4.53252681156142, 6.004875670295476e-08
168, 4750634.621032444, 34500000, 16311507.991289416, 30400406.363239646, 3.9440394885773475, 5.05051097866928e-08
169, 4653065.899275159, 34500000, 16438367.506504767, 30331997.52276609, 3.431434449006623, 4.246402600737012e-08
170, 4555610.13537959, 34500000, 16565632.083493523, 30262680.543440465, 2.985003186622174, 3.569095373833593e-08
171, 4458270.073172277, 34500000, 16693289.777004806, 30192450.652786482, 2.596267947365198, 2.998765900036744e-08
172, 4361048.510319494, 34500000, 16821327.908695634, 30121303.547292527, 2.2578274544271335, 2.5186647479112632e-08
173, 4263948.300220824, 34500000, 16949733.655733623, 30049235.08177356, 1.9632216987542834, 2.1146436010532745e-08
174, 4166972.3540240624, 34500000, 17078494.269067924, 29976241.150307924, 1.7068134816086695, 1.7747545368924772e-08
175, 4070123.6427733647, 34500000, 17207596.250754863, 29902318.158815164, 1.4836846699558697, 1.4889105323351877e-08
176, 3973405.199703136, 34500000, 17337025.96656193, 29827462.691867664, 1.2895453681906814, 1.2485979243576391e-08
177, 3876820.1226900104, 34500000, 17466770.306398004, 29751671.130602617, 1.120654423813168, 1.0466329436626669e-08
178, 3780371.576879101, 34500000, 17596814.1018885, 29674941.17034738, 0.9737498745956258, 8.769556235679452e-09
179, 3684062.7975025927, 34500000, 17727144.0145363, 29597269.554604016, 0.8459881127854038, 7.344553946620154e-09
180, 3587897.092905773, 34500000, 17857745.07071399, 29518654.118868466, 0.7348906888347405, 6.14823533814919e-09
181, 3491877.847808322, 34500000, 17988602.85370225, 29439092.502517384, 0.6382978089922593, 5.144283660420668e-09
182, 3396008.5268196557, 34500000, 18119702.174473606, 29358582.95470639, 0.5543276952514405, 4.302097389193467e-09
183, 3300292.678239581, 34500000, 18251027.508695886, 29277124.088216487, 0.4813410780675132, 3.595898166829553e-09
184, 3204733.9381735316, 34500000, 18382563.701835338, 29194714.448817033, 0.4179101814453765, 3.0039768998314144e-09
185, 3109336.034998999, 34500000, 18514295.5317888, 29111352.784808636, 0.3627916386331801, 2.508056781571325e-09
186, 3014102.7942254012, 34500000, 18646206.275374014, 29027038.972933542, 0.3149028459858939, 2.09275524561245e-09
187, 2919038.1437938437, 34500000, 18778279.832977008, 28941772.691291887, 0.2733013233261594, 1.7451296020863776e-09
188, 2824146.1198688047, 34500000, 18910501.02840045, 28855553.20652968, 0.23716670238641374, 1.4542934408056362e-09
189, 2729430.8731884155, 34500000, 19042852.43762257, 28768381.4462846, 0.20578501214583256, 1.2110928628405539e-09
190, 2634896.676047136, 34500000, 19175318.057500888, 28680257.624255754, 0.17853497115051536, 1.0078332804106966e-09
191, 2540547.929991069, 34500000, 19307880.346181035, 28591183.195830777, 0.1548760327109091, 8.380489469325182e-10
192, 2446389.174332935, 34500000, 19440522.47066783, 28501159.38111043, 0.13433796102363457, 6.963085846038528e-10
193, 2352425.0956003373, 34500000, 19573227.581476763, 28410187.645345062, 0.11651174384155528, 5.780514992761579e-10
194, 2258660.53806234, 34500000, 19705978.56405846, 28318269.87711058, 0.1010416718519995, 4.794494372616224e-10
195, 2165100.5155014796, 34500000, 19838757.5090163, 28225408.774691805, 0.08761843627223435, 3.9729017220578853e-10
196, 2071750.2244332766, 34500000, 19971547.561932493, 28131606.565951195, 0.07597311487969682, 3.288794305573425e-10
197, 1978615.0590174212, 34500000, 20104330.28531601, 28036866.86808862, 0.06587193307967068, 2.719582896032384e-10
198, 1885700.6279628663, 34500000, 20237088.052733544, 27941193.015794963, 0.05711170108203853, 2.2463362662222396e-10
199, 1793012.7737895856, 34500000, 20369802.999979, 27844588.8054043, 0.04951584071362051, 1.853195738954098e-10
200, 1700557.5949072072, 34500000, 20502457.305332478, 27747058.30251234, 0.042930926509266894, 1.526882523011135e-10
201, 1608341.4710794485, 34500000, 20635032.642364983, 27648606.255081497, 0.03722367535069268, 1.2562832538100657e-10
202, 1516371.0929972588, 34500000, 20767510.736479595, 27549237.699257754, 0.032278327406819615, 1.0321014306416232e-10
203, 1424653.4968845698, 34500000, 20899873.666608885, 27448957.73467161, 0.0279943685917864, 8.465643648008476e-11
204, 1333196.1053369294, 34500000, 21032103.02685041, 27347772.16279143, 0.02428455138467332, 6.931768767735167e-11
205, 1241974.6511580327, 0, 21164179.624798704, 27245687.747040916, 0.02428455138467332, 5.665143526550353e-11
206, 1239609.147021774, 0, 0.0, 0.0, 0.02428455138467332, 4.607498050477757e-11
207, 1237253.6591443801, 0, 0.0, 0.0, 0.02428455138467332, 3.7501688089470606e-11
208, 1234908.127787828, 0, 0.0, 0.0, 0.02428455138467332, 3.0635089996597444e-11
209, 1232572.493682187, 0, 0.0, 0.0, 0.02428455138467332, 2.5114073200753755e-11
210, 1230246.6980210957, 0, 0.0, 0.0, 0.02428455138467332, 2.0658290885574408e-11
211, 1227930.6824572962, 0, 0.0, 0.0, 0.02428455138467332, 1.7049156318420223e-11
212, 1225624.3890982163, 0, 0.0, 0.0, 0.02428455138467332, 1.4115523728863488e-11
213, 1223327.7605016055, 0, 0.0, 0.0, 0.02428455138467332, 1.1722849149787939e-11
214, 1221040.7396712159, 0, 0.0, 0.0, 0.02428455138467332, 9.764947808109572e-12
215, 1218763.2700525373, 0, 0.0, 0.0, 0.02428455138467332, 8.15769818674506e-12
216, 1216495.295528579, 0, 0.0, 0.0, 0.02428455138467332, 6.834212299272882e-12
217, 1214236.7604156975, 0, 0.0, 0.0, 0.02428455138467332, 5.741115259986888e-12
218, 1211987.6094594742, 0, 0.0, 0.0, 0.02428455138467332, 4.835667768777749e-12
219, 1209747.7878306385, 0, 0.0, 0.0, 0.02428455138467332, 4.083531801160144e-12
220, 1207517.241121037, 0, 0.0, 0.0, 0.02428455138467332, 3.4570291205194063e-12
221, 1205295.9153396485, 0, 0.0, 0.0, 0.02428455138467332, 2.933778890563554e-12
222, 1203083.7569086435, 0, 0.0, 0.0, 0.02428455138467332, 2.495628033793127e-12
223, 1200880.7126594877, 0, 0.0, 0.0, 0.02428455138467332, 2.127808499954984e-12
224, 1198686.7298290893, 0, 0.0, 0.0, 0.02428455138467332, 1.8182710554411562e-12
225, 1196501.7560559895, 0, 0.0, 0.0, 0.02428455138467332, 1.5571568809347016e-12
226, 1194325.7393765966, 0, 0.0, 0.0, 0.02428455138467332, 1.336377125502189e-12
227, 1192158.62822146, 0, 0.0, 0.0, 0.02428455138467332, 1.149277315432983e-12
228, 1190000.3714115862, 0, 0.0, 0.0, 0.02428455138467332, 9.903686774297447e-13
229, 1187850.9181547975, 0, 0.0, 0.0, 0.02428455138467332, 8.551123965496869e-13
230, 1185710.21804213, 0, 0.0, 0.0, 0.02428455138467332, 7.397458795614286e-13
231, 1183578.2210442694, 0, 0.0, 0.0, 0.02428455138467332, 6.411424515230744e-13
232, 1181454.877508029, 0, 0.0, 0.0, 0.02428455138467332, 5.566977410152192e-13
233, 1179340.1381528666, 0, 0.0, 0.0, 0.02428455138467332, 4.842374311622468e-13
234, 1177233.9540674367, 0, 0.0, 0.0, 0.02428455138467332, 4.219421630314851e-13
235, 1175136.2767061852, 0, 0.0, 0.0, 0.02428455138467332, 3.682862464817227e-13
236, 1173047.0578859749, 0, 0.0, 0.0, 0.02428455138467332, 3.2198751544226296e-13
237, 1170966.2497827562, 0, 0.0, 0.0, 0.02428455138467332, 2.8196620160663697e-13
238, 1168893.8049282678, 0, 0.0, 0.0, 0.02428455138467332, 2.473111246365334e-13
239, 1166829.6762067755, 0, 0.0, 0.0, 0.02428455138467332, 2.1725183286913378e-13
240, 1164773.8168518464, 0, 0.0, 0.0, 0.02428455138467332, 1.9113559528656537e-13
241, 1162726.1804431593, 0, 0.0, 0.0, 0.02428455138467332, 1.6840835793833543e-13
242, 1160686.7209033465, 0, 0.0, 0.0, 0.02428455138467332, 1.4859894761808755e-13
243, 1158655.3924948762, 0, 0.0, 0.0, 0.02428455138467332, 1.3130594136505384e-13
244, 1156632.1498169599, 0, 0.0, 0.0, 0.02428455138467332, 1.161867293139244e-13
245, 1154616.9478025003, 0, 0.0, 0.0, 0.02428455138467332, 1.0294838606589924e-13
246, 1152609.7417150699, 0, 0.0, 0.0, 0.02428455138467332, 9.134003643395998e-14
247, 1150610.4871459205, 0, 0.0, 0.0, 0.02428455138467332, 8.11464585463352e-14
248, 1148619.140011026, 0, 0.0, 0.0, 0.02428455138467332, 7.218271357750106e-14
249, 1146635.65654816, 0, 0.0, 0.0, 0.02428455138467332, 6.428962895947471e-14
250, 1144659.9933139964, 0, 0.0, 0.0, 0.02428455138467332, 5.732999251101209e-14
251, 1142692.107181252, 0, 0.0, 0.0, 0.02428455138467332, 5.1185339865773405e-14
252, 1140731.95533585, 0, 0.0, 0.0, 0.02428455138467332, 4.575323796623062e-14
253, 1138779.49527412, 0, 0.0, 0.0, 0.02428455138467332, 4.0944984085489935e-14
254, 1136834.6848000244, 0, 0.0, 0.0, 0.02428455138467332, 3.668365354017054e-14
255, 1134897.4820224147, 0, 0.0, 0.0, 0.02428455138467332, 3.290244052351753e-14
256, 1132967.8453523184, 0, 0.0, 0.0, 0.02428455138467332, 2.954324576990703e-14
257, 1131045.7335002539, 0, 0.0, 0.0, 0.02428455138467332, 2.655547242389526e-14
258, 1129131.105473573, 0, 0.0, 0.0, 0.02428455138467332, 2.3894997823625768e-14
259, 1127223.920573831, 0, 0.0, 0.0, 0.02428455138467332, 2.1523294158651335e-14
260, 1125324.1383941886, 0, 0.0, 0.0, 0.02428455138467332, 1.9406675320199583e-14
261, 1123431.7188168336, 0, 0.0, 0.0, 0.02428455138467332, 1.7515650885687105e-14
262, 1121546.6220104375, 0, 0.0, 0.0, 0.02428455138467332, 1.582437119780805e-14
263, 1119668.8084276337, 0, 0.0, 0.0, 0.02428455138467332, 1.4310150017193466e-14
264, 1117798.2388025238, 0, 0.0, 0.0, 0.02428455138467332, 1.295305333275841e-14
265, 1115934.8741482098, 0, 0.0, 0.0, 0.02428455138467332, 1.1735544676239134e-14
266, 1114078.6757543522, 0, 0.0, 0.0, 0.02428455138467332, 1.064217876525855e-14
267, 1112229.6051847527, 0, 0.0, 0.0, 0.02428455138467332, 9.65933654046863e-15
268, 1110387.6242749644, 0, 0.0, 0.0, 0.02428455138467332, 8.774995706417413e-15
269, 1108552.6951299214, 0, 0.0, 0.0, 0.02428455138467332, 7.97853176543347e-15
270, 1106724.7801216003, 0, 0.0, 0.0, 0.02428455138467332, 7.260545276030698e-15
271, 1104903.8418866997, 0, 0.0, 0.0, 0.02428455138467332, 6.6127116945182795e-15
272, 1103089.8433243472, 0, 0.0, 0.0, 0.02428455138467332, 6.02765068925404e-15
273, 1101282.7475938282, 0, 0.0, 0.0, 0.02428455138467332, 5.498812266773853e-15
274, 1099482.5181123395, 0, 0.0, 0.0, 0.02428455138467332, 5.020377430755654e-15
275, 1097689.1185527637, 0, 0.0, 0.0, 0.02428455138467332, 4.587171419182327e-15
276, 1095902.5128414703, 0, 0.0, 0.0, 0.02428455138467332, 4.194587841138217e-15
277, 1094122.6651561342, 0, 0.0, 0.0, 0.02428455138467332, 3.8385222699265565e-15
278, 1092349.539923581, 0, 0.0, 0.0, 0.02428455138467332, 3.5153140499303672e-15
279, 1090583.1018176524, 0, 0.0, 0.0, 0.02428455138467332, 3.221695246143705e-15
280, 1088823.315757092, 0, 0.0, 0.0, 0.02428455138467332, 2.9547458120186553e-15
281, 1087070.146903456, 0, 0.0, 0.0, 0.02428455138467332, 2.7118541769463263e-15
282, 1085323.5606590419, 0, 0.0, 0.0, 0.02428455138467332, 2.490682562468993e-15
283, 1083583.5226648394, 0, 0.0, 0.0, 0.02428455138467332, 2.2891364288672658e-15
284, 1081849.9987985026, 0, 0.0, 0.0, 0.02428455138467332, 2.105337533328022e-15
285, 1080122.955172342, 0, 0.0, 0.0, 0.02428455138467332, 1.9376001493795204e-15
286, 1078402.3581313363, 0, 0.0, 0.0, 0.02428455138467332, 1.7844100562910404e-15
287, 1076688.1742511664, 0, 0.0, 0.0, 0.02428455138467332, 1.6444059580441653e-15
288, 1074980.3703362658, 0, 0.0, 0.0, 0.02428455138467332, 1.5163630354526745e-15
289, 1073278.9134178932, 0, 0.0, 0.0, 0.02428455138467332, 1.3991783730267466e-15
290, 1071583.7707522234, 0, 0.0, 0.0, 0.02428455138467332, 1.2918580350862048e-15
291, 1069894.9098184577, 0, 0.0, 0.0, 0.02428455138467332, 1.1935055941444921e-15
292, 1068212.2983169532, 0, 0.0, 0.0, 0.02428455138467332, 1.1033119393223531e-15
293, 1066535.9041673697, 0, 0.0, 0.0, 0.02428455138467332, 1.0205462140316122e-15
294, 1064865.6955068365, 0, 0.0, 0.0, 0.02428455138467332, 9.445477508425174e-16
295, 1063201.6406881374, 0, 0.0, 0.0, 0.02428455138467332, 8.747188876968917e-16
296, 1061543.708277911, 0, 0.0, 0.0, 0.02428455138467332, 8.105185637825971e-16
297, 1059891.867054873, 0, 0.0, 0.0, 0.02428455138467332, 7.514566057251311e-16
298, 1058246.086008054, 0, 0.0, 0.0, 0.02428455138467332, 6.970886255223284e-16
299, 1056606.334335053, 0, 0.0, 0.0, 0.02428455138467332, 6.47011461056949e-16
300, 1054972.5814403126, 0, 0.0, 0.0, 0.02428455138467332, 6.008590982493494e-16
301, 1053344.7969334053, 0, 0.0, 0.0, 0.02428455138467332, 5.582990211135502e-16
302, 1051722.9506273423, 0, 0.0, 0.0, 0.02428455138467332, 5.190289422886353e-16
303, 1050107.0125368955, 0, 0.0, 0.0, 0.02428455138467332, 4.827738721493469e-16
304, 1048496.952876937, 0, 0.0, 0.0, 0.02428455138467332, 4.492834894548038e-16
305, 1046892.7420607945, 0, 0.0, 0.0, 0.02428455138467332, 4.183297807592724e-16
306, 1045294.3506986236, 0, 0.0, 0.0, 0.02428455138467332, 3.897049195586951e-16
307, 1043701.7495957946, 0, 0.0, 0.0, 0.02428455138467332, 3.63219359446437e-16
308, 1042114.9097512966, 0, 0.0, 0.0, 0.02428455138467332, 3.3870011845793755e-16
309, 1040533.8023561551, 0, 0.0, 0.0, 0.02428455138467332, 3.159892343456589e-16
310, 1038958.3987918682, 0, 0.0, 0.0, 0.02428455138467332, 2.9494237278575484e-16
311, 1037388.6706288543, 0, 0.0, 0.0, 0.02428455138467332, 2.7542757251331707e-16
312, 1035824.5896249161, 0, 0.0, 0.0, 0.02428455138467332, 2.573241131463397e-16
313, 1034266.127723722, 0, 0.0, 0.0, 0.02428455138467332, 2.405214930179392e-16
314, 1032713.2570532978, 0, 0.0, 0.0, 0.02428455138467332, 2.2491850571653043e-16
315, 1031165.9499245366, 0, 0.0, 0.0, 0.02428455138467332, 2.1042240525616275e-16
316, 1029624.1788297205, 0, 0.0, 0.0, 0.02428455138467332, 1.969481508828913e-16
317, 1028087.9164410579, 0, 0.0, 0.0, 0.02428455138467332, 1.8441772348442474e-16
318, 1026557.1356092353, 0, 0.0, 0.0, 0.02428455138467332, 1.727595064237653e-16
319, 1025031.8093619808, 0, 0.0, 0.0, 0.02428455138467332, 1.6190772437585322e-16
320, 1023511.9109026437, 0, 0.0, 0.0, 0.02428455138467332, 1.518019344204113e-16
321, 1021997.4136087865, 0, 0.0, 0.0, 0.02428455138467332, 1.4238656424406857e-16
322, 1020488.2910307896, 0, 0.0, 0.0, 0.02428455138467332, 1.3361049283895556e-16
323, 1018984.5168904719, 0, 0.0, 0.0, 0.02428455138467332, 1.2542666956088929e-16
324, 1017486.0650797213, 0, 0.0, 0.0, 0.02428455138467332, 1.1779176783461464e-16
325, 1015992.90965914, 0, 0.0, 0.0, 0.02428455138467332, 1.1066587017221934e-16
326, 1014505.0248567025, 0, 0.0, 0.0, 0.02428455138467332, 1.0401218150890986e-16
327, 1013022.3850664267, 0, 0.0, 0.0, 0.02428455138467332, 9.7796768162425e-17
328, 1011544.9648470555, 0, 0.0, 0.0, 0.02428455138467332, 9.198831999243041e-17
329, 1010072.7389207539, 0, 0.0, 0.0, 0.02428455138467332, 8.655793357788624e-17
330, 1008605.6821718154, 0, 0.0, 0.0, 0.02428455138467332, 8.147891444670354e-17
331, 1007143.7696453835, 0, 0.0, 0.0, 0.02428455138467332, 7.672659658580442e-17
332, 1005686.9765461815, 0, 0.0, 0.0, 0.02428455138467332, 7.227817763342974e-17
333, 1004235.2782372591, 0, 0.0, 0.0, 0.02428455138467332, 6.811256831136462e-17
334, 1002788.6502387456, 0, 0.0, 0.0, 0.02428455138467332, 6.42102547946188e-17
335, 1001347.0682266179, 0, 0.0, 0.0, 0.02428455138467332, 6.055317284171259e-17
336, 999910.5080314801, 0, 0.0, 0.0, 0.02428455138467332, 5.712459262160275e-17
337, 998478.9456373522, 0, 0.0, 0.0, 0.02428455138467332, 5.390901327479055e-17
338, 997052.3571804733, 0, 0.0, 0.0, 0.02428455138467332, 5.0892066337475514e-17
339, 995630.7189481125, 0, 0.0, 0.0, 0.02428455138467332, 4.8060427239848916e-17
340, 994214.0073773921, 0, 0.0, 0.0, 0.02428455138467332, 4.5401734163677245e-17
341, 992802.1990541253, 0, 0.0, 0.0, 0.02428455138467332, 4.2904513611084336e-17
342, 991395.2707116572, 0, 0.0, 0.0, 0.02428455138467332, 4.0558112096647094e-17
343, 989993.1992297235, 0, 0.0, 0.0, 0.02428455138467332, 3.835263342923789e-17
344, 988595.9616333159, 0, 0.0, 0.0, 0.02428455138467332, 3.6278881099101656e-17
345, 987203.5350915594, 0, 0.0, 0.0, 0.02428455138467332, 3.432830532995549e-17
346, 985815.8969165991, 0, 0.0, 0.0, 0.02428455138467332, 3.249295439595449e-17
347, 984433.0245624988, 0, 0.0, 0.0, 0.02428455138467332, 3.076542983957666e-17
348, 983054.8956241463, 0, 0.0, 0.0, 0.02428455138467332, 2.9138845259256464e-17
349, 981681.4878361736, 0, 0.0, 0.0, 0.02428455138467332, 2.7606788365263143e-17
350, 980312.7790718828, 0, 0.0, 0.0, 0.02428455138467332, 2.6163286029190135e-17
351, 978948.7473421834, 0, 0.0, 0.0, 0.02428455138467332, 2.480277207678101e-17
352, 977589.3707945396, 0, 0.0, 0.0, 0.02428455138467332, 2.3520057595896696e-17
353, 976234.6277119273, 0, 0.0, 0.0, 0.02428455138467332, 2.231030355146556e-17
354, 974884.4965117992, 0, 0.0, 0.0, 0.02428455138467332, 2.116899551743928e-17
355, 973538.9557450613, 0, 0.0, 0.0, 0.02428455138467332, 2.009192035229325e-17
356, 972197.9840950555, 0, 0.0, 0.0, 0.02428455138467332, 1.9075144659611816e-17
357, 970861.5603765569, 0, 0.0, 0.0, 0.02428455138467332, 1.8114994888938917e-17
358, 969529.6635347736, 0, 0.0, 0.0, 0.02428455138467332, 1.7208038944476288e-17
359, 968202.2726443595, 0, 0.0, 0.0, 0.02428455138467332, 1.635106918050003e-17
360, 966879.366908437, 0, 0.0, 0.0, 0.02428455138467332, 1.554108667263733e-17
361, 965560.9256576245, 0, 0.0, 0.0, 0.02428455138467332, 1.4775286663505456e-17
362, 964246.9283490753, 0, 0.0, 0.0, 0.02428455138467332, 1.4051045089739444e-17
363, 962937.3545655254, 0, 0.0, 0.0, 0.02428455138467332, 1.3365906105207952e-17
364, 961632.1840143488, 0, 0.0, 0.0, 0.02428455138467332, 1.2717570522306451e-17
365, 960331.3965266214, 0, 0.0, 0.0, 0.02428455138467332, 1.2103885099684293e-17
366, 959034.9720561928, 0, 0.0, 0.0, 0.02428455138467332, 1.1522832610667003e-17
367, 957742.8906787682, 0, 0.0, 0.0, 0.02428455138467332, 1.0972522632028335e-17
368, 956455.1325909969, 0, 0.0, 0.0, 0.02428455138467332, 1.0451182997692529e-17
369, 955171.6781095681, 0, 0.0, 0.0, 0.02428455138467332, 9.957151866451887e-18
370, 953892.5076703177, 0, 0.0, 0.0, 0.02428455138467332, 9.488870356902097e-18
371, 952617.6018273395, 0, 0.0, 0.0, 0.02428455138467332, 9.044875706566685e-18
372, 951346.9412521081, 0, 0.0, 0.0, 0.02428455138467332, 8.623794915629552e-18
373, 950080.5067326052, 0, 0.0, 0.0, 0.02428455138467332, 8.224338838852412e-18
374, 948818.2791724573, 0, 0.0, 0.0, 0.02428455138467332, 7.845296692146238e-18
375, 947560.2395900793, 0, 0.0, 0.0, 0.02428455138467332, 7.485530942916877e-18
376, 946306.3691178256, 0, 0.0, 0.0, 0.02428455138467332, 7.14397255573414e-18
377, 945056.6490011502, 0, 0.0, 0.0, 0.02428455138467332, 6.819616567103237e-18
378, 943811.0605977707, 0, 0.0, 0.0, 0.02428455138467332, 6.511517965161556e-18
379, 942569.5853768443, 0, 0.0, 0.0, 0.02428455138467332, 6.2187878520015044e-18
380, 941332.204918147, 0, 0.0, 0.0, 0.02428455138467332, 5.9405898680427005e-18
381, 940098.9009112628, 0, 0.0, 0.0, 0.02428455138467332, 5.676136859461133e-18
382, 938869.6551547779, 0, 0.0, 0.0, 0.02428455138467332, 5.424687771136982e-18
383, 937644.4495554832, 0, 0.0, 0.0, 0.02428455138467332, 5.1855447489209646e-18
384, 936423.2661275836, 0, 0.0, 0.0, 0.02428455138467332, 4.958050436248835e-18
385, 935206.0869919133, 0, 0.0, 0.0, 0.02428455138467332, 4.741585451265738e-18
386, 933992.8943751596, 0, 0.0, 0.0, 0.02428455138467332, 4.535566031663682e-18
387, 932783.6706090914, 0, 0.0, 0.0, 0.02428455138467332, 4.339441835394399e-18
388, 931578.3981297958, 0, 0.0, 0.0, 0.02428455138467332, 4.1526938863032674e-18
389, 930377.059476921, 0, 0.0, 0.0, 0.02428455138467332, 3.9748326545439066e-18
390, 929179.6372929253, 0, 0.0, 0.0, 0.02428455138467332, 3.8053962623834234e-18
391, 927986.1143223338, 0, 0.0, 0.0, 0.02428455138467332, 3.6439488066996796e-18
392, 926796.4734109995, 0, 0.0, 0.0, 0.02428455138467332, 3.4900787901104405e-18
393, 925610.6975053726, 0, 0.0, 0.0, 0.02428455138467332, 3.3433976532626522e-18
394, 924428.7696517747, 0, 0.0, 0.0, 0.02428455138467332, 3.2035384013539187e-18
395, 923250.6729956807, 0, 0.0, 0.0, 0.02428455138467332, 3.070154318459638e-18
396, 922076.3907810053, 0, 0.0, 0.0, 0.02428455138467332, 2.942917763703118e-18
397, 920905.9063493976, 0, 0.0, 0.0, 0.02428455138467332, 2.8215190437340884e-18
398, 919739.2031395384, 0, 0.0, 0.0, 0.02428455138467332, 2.7056653563769295e-18
399, 918576.264686448, 0, 0.0, 0.0, 0.02428455138467332, 2.5950798006759928e-18
400, 917417.0746207952, 0, 0.0, 0.0, 0.02428455138467332, 2.4895004489039433e-18
401, 916261.6166682155, 0, 0.0, 0.0, 0.02428455138467332, 2.3886794764122214e-18
402, 915109.8746486348, 0, 0.0, 0.0, 0.02428455138467332, 2.2923823454927466e-18
403, 913961.8324755968, 0, 0.0, 0.0, 0.02428455138467332, 2.2003870396884515e-18
404, 912817.4741555977, 0, 0.0, 0.0, 0.02428455138467332, 2.112483345238566e-18
405, 911676.7837874271, 0, 0.0, 0.0, 0.02428455138467332, 2.028472176575269e-18
406, 910539.7455615122, 0, 0.0, 0.0, 0.02428455138467332, 1.9481649430014696e-18
407, 909406.34375927, 0, 0.0, 0.0, 0.02428455138467332, 1.871382953877545e-18
408, 908276.5627524639, 0, 0.0, 0.0, 0.02428455138467332, 1.7979568598281264e-18
409, 907150.387002564, 0, 0.0, 0.0, 0.02428455138467332, 1.7277261276505937e-18
410, 906027.8010601174, 0, 0.0, 0.0, 0.02428455138467332, 1.6605385467644474e-18
411, 904908.7895641183, 0, 0.0, 0.0, 0.02428455138467332, 1.5962497651876698e-18
412, 903793.337241387, 0, 0.0, 0.0, 0.02428455138467332, 1.5347228531620993e-18
413, 902681.4289059539, 0, 0.0, 0.0, 0.02428455138467332, 1.47582789267634e-18
414, 901573.0494584457, 0, 0.0, 0.0, 0.02428455138467332, 1.4194415912521295e-18
415, 900468.1838854803, 0, 0.0, 0.0, 0.02428455138467332, 1.3654469184692112e-18
416, 899366.8172590656, 0, 0.0, 0.0, 0.02428455138467332, 1.3137327638052906e-18
417, 898268.9347360021, 0, 0.0, 0.0, 0.02428455138467332, 1.2641936144618778e-18
418, 897174.521557291, 0, 0.0, 0.0, 0.02428455138467332, 1.2167292519345864e-18
419, 896083.5630475493, 0, 0.0, 0.0, 0.02428455138467332, 1.1712444661682204e-18
420, 894996.0446144262, 0, 0.0, 0.0, 0.02428455138467332, 1.127648786212705e-18
421, 893911.9517480271, 0, 0.0, 0.0, 0.02428455138467332, 1.0858562263669101e-18
422, 892831.2700203412, 0, 0.0, 0.0, 0.02428455138467332, 1.0457850468630317e-18
423, 891753.9850846746, 0, 0.0, 0.0, 0.02428455138467332, 1.0073575282057533e-18
424, 890680.0826750856, 0, 0.0, 0.0, 0.02428455138467332, 9.704997583373572e-19
425, 889609.54860583, 0, 0.0, 0.0, 0.02428455138467332, 9.351414318533695e-19
426, 888542.3687708036, 0, 0.0, 0.0, 0.02428455138467332, 9.012156605429256e-19
427, 887478.5291429965, 0, 0.0, 0.0, 0.02428455138467332, 8.686587945742674e-19
428, 886418.0157739474, 0, 0.0, 0.0, 0.02428455138467332, 8.374102536891187e-19
429, 885360.8147932027, 0, 0.0, 0.0, 0.02428455138467332, 8.074123678098075e-19
430, 884306.9124077817, 0, 0.0, 0.0, 0.02428455138467332, 7.786102265007216e-19
431, 883256.2949016466, 0, 0.0, 0.0, 0.02428455138467332, 7.509515367607211e-19
432, 882208.9486351731, 0, 0.0, 0.0, 0.02428455138467332, 7.243864886558908e-19
433, 881164.8600446304, 0, 0.0, 0.0, 0.02428455138467332, 6.98867628332693e-19
434, 880124.0156416607, 0, 0.0, 0.0, 0.02428455138467332, 6.743497379800369e-19
435, 879086.4020127663, 0, 0.0, 0.0, 0.02428455138467332, 6.50789722335648e-19
436, 878052.0058188001, 0, 0.0, 0.0, 0.02428455138467332, 6.281465013569666e-19
437, 877020.8137944584, 0, 0.0, 0.0, 0.02428455138467332, 6.063809087002172e-19
438, 875992.8127477805, 0, 0.0, 0.0, 0.02428455138467332, 5.854555956730864e-19
439, 874967.9895596504, 0, 0.0, 0.0, 0.02428455138467332, 5.653349403468744e-19
440, 873946.3311833034, 0, 0.0, 0.0, 0.02428455138467332, 5.459849615331095e-19
441, 872927.8246438362, 0, 0.0, 0.0, 0.02428455138467332, 5.27373237347424e-19
442, 871912.4570377221, 0, 0.0, 0.0, 0.02428455138467332, 5.094688281003288e-19
443, 870900.2155323282, 0, 0.0, 0.0, 0.02428455138467332, 4.922422032700647e-19
444, 869891.0873654381, 0, 0.0, 0.0, 0.02428455138467332, 4.756651723275141e-19
445, 868885.0598447773, 0, 0.0, 0.0, 0.02428455138467332, 4.597108191967767e-19
446, 867882.1203475439, 0, 0.0, 0.0, 0.02428455138467332, 4.443534401479769e-19
447, 866882.2563199413, 0, 0.0, 0.0, 0.02428455138467332, 4.295684849309084e-19
448, 865885.4552767153, 0, 0.0, 0.0, 0.02428455138467332, 4.1533250096940937e-19
449, 864891.7048006969, 0, 0.0, 0.0, 0.02428455138467332, 4.0162308044701936e-19
450, 863900.9925423441, 0, 0.0, 0.0, 0.02428455138467332, 3.8841881012437875e-19
451, 862913.306219292, 0, 0.0, 0.0, 0.02428455138467332, 3.7569922373816096e-19
452, 861928.6336159039, 0, 0.0, 0.0, 0.02428455138467332, 3.6344475684010924e-19
453, 860946.9625828278, 0, 0.0, 0.0, 0.02428455138467332, 3.5163670394294253e-19
454, 859968.2810365536, 0, 0.0, 0.0, 0.02428455138467332, 3.4025717784761875e-19
455, 858992.5769589768, 0, 0.0, 0.0, 0.02428455138467332, 3.2928907103365845e-19
456, 858019.8383969641, 0, 0.0, 0.0, 0.02428455138467332, 3.1871601900108946e-19
457, 857050.0534619228, 0, 0.0, 0.0, 0.02428455138467332, 3.0852236545888744e-19
458, 856083.2103293729, 0, 0.0, 0.0, 0.02428455138467332, 2.9869312926083504e-19
459, 855119.2972385241, 0, 0.0, 0.0, 0.02428455138467332, 2.8921397299535505e-19
460, 854158.3024918549, 0, 0.0, 0.0, 0.02428455138467332, 2.8007117314115993e-19
461, 853200.2144546948, 0, 0.0, 0.0, 0.02428455138467332, 2.712515917055368e-19
462, 852245.0215548113, 0, 0.0, 0.0, 0.02428455138467332, 2.627426492668044e-19
463, 851292.7122819984, 0, 0.0, 0.0, 0.02428455138467332, 2.5453229934684897e-19
464, 850343.2751876694, 0, 0.0, 0.0, 0.02428455138467332, 2.466090040438045e-19
465, 849396.6988844533, 0, 0.0, 0.0, 0.02428455138467332, 2.389617108588506e-19
466, 848452.9720457916, 0, 0.0, 0.0, 0.02428455138467332, 2.3157983065475957e-19
467, 847512.0834055429, 0, 0.0, 0.0, 0.02428455138467332, 2.244532166872822e-19
468, 846574.0217575858, 0, 0.0, 0.0, 0.02428455138467332, 2.175721446537191e-19
469, 845638.7759554285, 0, 0.0, 0.0, 0.02428455138467332, 2.1092729370608154e-19
470, 844706.3349118195, 0, 0.0, 0.0, 0.02428455138467332, 2.0450972837912943e-19
471, 843776.6875983615, 0, 0.0, 0.0, 0.02428455138467332, 1.9831088138630042e-19
472, 842849.8230451294, 0, 0.0, 0.0, 0.02428455138467332, 1.9232253723909717e-19
473, 841925.7303402897, 0, 0.0, 0.0, 0.02428455138467332, 1.8653681664791118e-19
474, 841004.3986297239, 0, 0.0, 0.0, 0.02428455138467332, 1.8094616166454388e-19
475, 840085.8171166556, 0, 0.0, 0.0, 0.02428455138467332, 1.7554332152882705e-19
476, 839169.9750612773, 0, 0.0, 0.0, 0.02428455138467332, 1.7032133918376043e-19
477, 838256.861780384, 0, 0.0, 0.0, 0.02428455138467332, 1.6527353842550493e-19
478, 837346.4666470077, 0, 0.0, 0.0, 0.02428455138467332, 1.603935116563578e-19
479, 836438.7790900536, 0, 0.0, 0.0, 0.02428455138467332, 1.5567510821053739e-19
480, 835533.7885939418, 0, 0.0, 0.0, 0.02428455138467332, 1.5111242322420937e-19
481, 834631.4846982493, 0, 0.0, 0.0, 0.02428455138467332, 1.4669978702269521e-19
482, 833731.8569973564, 0, 0.0, 0.0, 0.02428455138467332, 1.4243175499923697e-19
483, 832834.8951400946, 0, 0.0, 0.0, 0.02428455138467332, 1.3830309796102834e-19
484, 831940.5888293979, 0, 0.0, 0.0, 0.02428455138467332, 1.34308792919513e-19
485, 831048.9278219579, 0, 0.0, 0.0, 0.02428455138467332, 1.3044401430313635e-19
486, 830159.9019278772, 0, 0.0, 0.0, 0.02428455138467332, 1.2670412557188386e-19
487, 829273.5010103318, 0, 0.0, 0.0, 0.02428455138467332, 1.2308467121400733e-19
488, 828389.7149852306, 0, 0.0, 0.0, 0.02428455138467332, 1.1958136910636092e-19
489, 827508.533820881, 0, 0.0, 0.0, 0.02428455138467332, 1.1619010322071693e-19
490, 826629.9475376541, 0, 0.0, 0.0, 0.02428455138467332, 1.1290691665935362e-19
491, 825753.9462076562, 0, 0.0, 0.0, 0.02428455138467332, 1.0972800500404927e-19
492, 824880.519954398, 0, 0.0, 0.0, 0.02428455138467332, 1.0664970996343649e-19
493, 824009.6589524712, 0, 0.0, 0.0, 0.02428455138467332, 1.0366851330443881e-19
494, 823141.3534272247, 0, 0.0, 0.0, 0.02428455138467332, 1.0078103105423031e-19
495, 822275.593654442, 0, 0.0, 0.0, 0.02428455138467332, 9.798400795985137e-20
496, 821412.3699600254, 0, 0.0, 0.0, 0.02428455138467332, 9.527431219326442e-20
497, 820551.6727196788, 0, 0.0, 0.0, 0.02428455138467332, 9.264893029024251e-20
498, 819693.4923585937, 0, 0.0, 0.0, 0.02428455138467332, 9.010496231207374e-20
499, 818837.8193511391, 0, 0.0, 0.0, 0.02428455138467332, 8.763961721960941e-20
500, 817984.6442205516, 0, 0.0, 0.0, 0.02428455138467332, 8.525020844971095e-20
501, 817133.9575386286, 0, 0.0, 0.0, 0.02428455138467332, 8.293414968464415e-20
502, 816285.7499254254, 0, 0.0, 0.0, 0.02428455138467332, 8.068895080543666e-20
503, 815440.0120489517, 0, 0.0, 0.0, 0.02428455138467332, 7.851221402065812e-20
504, 814596.7346248729, 0, 0.0, 0.0, 0.02428455138467332, 7.640163016250997e-20
505, 813755.9084162116, 0, 0.0, 0.0, 0.02428455138467332, 7.43549751424997e-20
506, 812917.5242330531, 0, 0.0, 0.0, 0.02428455138467332, 7.237010655936463e-20
507, 812081.572932252, 0, 0.0, 0.0, 0.02428455138467332, 7.044496045225874e-20
508, 811248.0454171405, 0, 0.0, 0.0, 0.02428455138467332, 6.857754819256388e-20
509, 810416.9326372417, 0, 0.0, 0.0, 0.02428455138467332, 6.676595350800414e-20
510, 809588.2255879799, 0, 0.0, 0.0, 0.02428455138467332, 6.500832963305087e-20
511, 808761.915310399, 0, 0.0, 0.0, 0.02428455138467332, 6.330289657989571e-20
512, 807937.9928908785, 0, 0.0, 0.0, 0.02428455138467332, 6.164793852454358e-20
513, 807116.449460853, 0, 0.0, 0.0, 0.02428455138467332, 6.004180130284113e-20
514, 806297.2761965354, 0, 0.0, 0.0, 0.02428455138467332, 5.848289001150074e-20
515, 805480.464318639, 0, 0.0, 0.0, 0.02428455138467332, 5.696966670941987e-20
516, 804666.0050921041, 0, 0.0, 0.0, 0.02428455138467332, 5.550064821481767e-20
517, 803853.8898258262, 0, 0.0, 0.0, 0.02428455138467332, 5.407440399392112e-20
518, 803044.1098723849, 0, 0.0, 0.0, 0.02428455138467332, 5.2689554137139283e-20
519, 802236.6566277773, 0, 0.0, 0.0, 0.02428455138467332, 5.1344767418850625e-20
520, 801431.5215311492, 0, 0.0, 0.0, 0.02428455138467332, 5.003875943711629e-20
521, 800628.6960645339, 0, 0.0, 0.0, 0.02428455138467332, 4.877029082979952e-20
522, 799828.1717525873, 0, 0.0, 0.0, 0.02428455138467332, 4.753816556373998e-20
523, 799029.9401623292, 0, 0.0, 0.0, 0.02428455138467332, 4.6341229293787615e-20
524, 798233.9929028834, 0, 0.0, 0.0, 0.02428455138467332, 4.517836778864599e-20
525, 797440.3216252229, 0, 0.0, 0.0, 0.02428455138467332, 4.404850542062163e-20
526, 796648.9180219126, 0, 0.0, 0.0, 0.02428455138467332, 4.295060371650551e-20
527, 795859.773826859, 0, 0.0, 0.0, 0.02428455138467332, 4.1883659966942814e-20
528, 795072.8808150577, 0, 0.0, 0.0, 0.02428455138467332, 4.08467058917702e-20
529, 794288.2308023438, 0, 0.0, 0.0, 0.02428455138467332, 3.983880635891093e-20
530, 793505.8156451456, 0, 0.0, 0.0, 0.02428455138467332, 3.885905815453312e-20
531, 792725.6272402379, 0, 0.0, 0.0, 0.02428455138467332, 3.7906588802278644e-20
532, 791947.6575244993, 0, 0.0, 0.0, 0.02428455138467332, 3.6980555429468985e-20
533, 791171.8984746686, 0, 0.0, 0.0, 0.02428455138467332, 3.608014367829276e-20
534, 790398.3421071054, 0, 0.0, 0.0, 0.02428455138467332, 3.5204566660064954e-20
535, 789626.9804775512, 0, 0.0, 0.0, 0.02428455138467332, 3.435306395073876e-20
536, 788857.8056808929, 0, 0.0, 0.0, 0.02428455138467332, 3.3524900625929256e-20
537, 788090.8098509265, 0, 0.0, 0.0, 0.02428455138467332, 3.271936633378868e-20
538, 787325.9851601252, 0, 0.0, 0.0, 0.02428455138467332, 3.193577440414465e-20
539, 786563.323819405, 0, 0.0, 0.0, 0.02428455138467332, 3.117346099238659e-20
540, 785802.818077898, 0, 0.0, 0.0, 0.02428455138467332, 3.043178425665036e-20
541, 785044.4602227203, 0, 0.0, 0.0, 0.02428455138467332, 2.9710123566916994e-20
542, 784288.2425787471, 0, 0.0, 0.0, 0.02428455138467332, 2.9007878744701346e-20
543, 783534.1575083876, 0, 0.0, 0.0, 0.02428455138467332, 2.832446933206702e-20
544, 782782.1974113599, 0, 0.0, 0.0, 0.02428455138467332, 2.765933388875611e-20
545, 782032.3547244704, 0, 0.0, 0.0, 0.02428455138467332, 2.701192931627993e-20
546, 781284.6219213915, 0, 0.0, 0.0, 0.02428455138467332, 2.63817302078623e-20
547, 780538.9915124447, 0, 0.0, 0.0, 0.02428455138467332, 2.5768228223179736e-20
548, 779795.456044382, 0, 0.0, 0.0, 0.02428455138467332, 2.5170931486886534e-20
549, 779054.0081001692, 0, 0.0, 0.0, 0.02428455138467332, 2.4589364009956692e-20
550, 778314.6402987742, 0, 0.0, 0.0, 0.02428455138467332, 2.4023065132917312e-20
551, 777577.3452949511, 0, 0.0, 0.0, 0.02428455138467332, 2.3471588990087716e-20
552, 776842.115779031, 0, 0.0, 0.0, 0.02428455138467332, 2.2934503993976407e-20
553, 776108.9444767119, 0, 0.0, 0.0, 0.02428455138467332, 2.2411392339025094e-20
554, 775377.8241488491, 0, 0.0, 0.0, 0.02428455138467332, 2.1901849523922188e-20
555, 774648.7475912499, 0, 0.0, 0.0, 0.02428455138467332, 2.140548389174406e-20
556, 773921.7076344668, 0, 0.0, 0.0, 0.02428455138467332, 2.0921916187210414e-20
557, 773196.6971435949, 0, 0.0, 0.0, 0.02428455138467332, 2.0450779130374126e-20
558, 772473.7090180683, 0, 0.0, 0.0, 0.02428455138467332, 1.999171700609177e-20
559, 771752.7361914591, 0, 0.0, 0.0, 0.02428455138467332, 1.9544385268650182e-20
560, 771033.7716312783, 0, 0.0, 0.0, 0.02428455138467332, 1.9108450160950444e-20
561, 770316.8083387772, 0, 0.0, 0.0, 0.02428455138467332, 1.8683588347675963e-20
562, 769601.8393487495, 0, 0.0, 0.0, 0.02428455138467332, 1.8269486561894666e-20
563, 768888.8577293368, 0, 0.0, 0.0, 0.02428455138467332, 1.7865841264569037e-20
564, 768177.8565818355, 0, 0.0, 0.0, 0.02428455138467332, 1.7472358316469867e-20
565, 767468.8290405007, 0, 0.0, 0.0, 0.02428455138467332, 1.7088752662009995e-20
566, 766761.768272358, 0, 0.0, 0.0, 0.02428455138467332, 1.671474802453366e-20
567, 766056.6674770107, 0, 0.0, 0.0, 0.02428455138467332, 1.6350076612618964e-20
568, 765353.5198864541, 0, 0.0, 0.0, 0.02428455138467332, 1.5994478836965846e-20
569, 764652.3187648838, 0, 0.0, 0.0, 0.02428455138467332, 1.5647703037462097e-20
570, 763953.0574085132, 0, 0.0, 0.0, 0.02428455138467332, 1.5309505220035278e-20
571, 763255.7291453865, 0, 0.0, 0.0, 0.02428455138467332, 1.497964880291547e-20
572, 762560.3273351956, 0, 0.0, 0.0, 0.02428455138467332, 1.4657904371947922e-20
573, 761866.8453690979, 0, 0.0, 0.0, 0.02428455138467332, 1.4344049444610778e-20
574, 761175.2766695346, 0, 0.0, 0.0, 0.02428455138467332, 1.4037868242405917e-20
575, 760485.6146900512, 0, 0.0, 0.0, 0.02428455138467332, 1.3739151471304727e-20
576, 759797.8529151186, 0, 0.0, 0.0, 0.02428455138467332, 1.3447696109943879e-20
577, 759111.9848599563, 0, 0.0, 0.0, 0.02428455138467332, 1.3163305205278398e-20
578, 758428.0040703544, 0, 0.0, 0.0, 0.02428455138467332, 1.2885787675410418e-20
579, 757745.9041225016, 0, 0.0, 0.0, 0.02428455138467332, 1.2614958119323848e-20
580, 757065.678622808, 0, 0.0, 0.0, 0.02428455138467332, 1.2350636633266603e-20
581, 756387.3212077351, 0, 0.0, 0.0, 0.02428455138467332, 1.209264863353079e-20
582, 755710.8255436232, 0, 0.0, 0.0, 0.02428455138467332, 1.1840824685392747e-20
583, 755036.1853265209, 0, 0.0, 0.0, 0.02428455138467332, 1.159500033798349e-20
584, 754363.394282017, 0, 0.0, 0.0, 0.02428455138467332, 1.1355015964869199e-20
585, 753692.4461650709, 0, 0.0, 0.0, 0.02428455138467332, 1.1120716610130486e-20
586, 753023.3347598483, 0, 0.0, 0.0, 0.02428455138467332, 1.0891951839737093e-20
587, 752356.0538795526, 0, 0.0, 0.0, 0.02428455138467332, 1.066857559802323e-20
588, 751690.5973662622, 0, 0.0, 0.0, 0.02428455138467332, 1.045044606907563e-20
589, 751026.9590907672, 0, 0.0, 0.0, 0.02428455138467332, 1.0237425542854488e-20
590, 750365.1329524053, 0, 0.0, 0.0, 0.02428455138467332, 1.0029380285874047e-20
591, 749705.1128789032, 0, 0.0, 0.0, 0.02428455138467332, 9.82618041627655e-21
592, 749046.892826214, 0, 0.0, 0.0, 0.02428455138467332, 9.62769978313949e-21
593, 748390.4667783594, 0, 0.0, 0.0, 0.02428455138467332, 9.433815849862708e-21
594, 747735.8287472714, 0, 0.0, 0.0, 0.02428455138467332, 9.244409581487364e-21
595, 747082.9727726354, 0, 0.0, 0.0, 0.02428455138467332, 9.059365335804957e-21
596, 746431.8929217348, 0, 0.0, 0.0, 0.02428455138467332, 8.878570758119494e-21
597, 745782.5832892952, 0, 0.0, 0.0, 0.02428455138467332, 8.701916679531839e-21
598, 745135.0379973312, 0, 0.0, 0.0, 0.02428455138467332, 8.529297018619692e-21
599, 744489.2511949943, 0, 0.0, 0.0, 0.02428455138467332, 8.360608686391654e-21
600, 743845.2170584194, 0, 0.0, 0.0, 0.02428455138467332, 8.195751494398944e-21
601, 743202.9297905763, 0, 0.0, 0.0, 0.02428455138467332, 8.0346280658917e-21
602, 742562.3836211183, 0, 0.0, 0.0, 0.02428455138467332, 7.87714374991251e-21
603, 741923.5728062339, 0, 0.0, 0.0, 0.02428455138467332, 7.723206538222329e-21
604, 741286.4916285002, 0, 0.0, 0.0, 0.02428455138467332, 7.572726984959295e-21
605, 740651.1343967341, 0, 0.0, 0.0, 0.02428455138467332, 7.425618128933719e-21
606, 740017.4954458488, 0, 0.0, 0.0, 0.02428455138467332, 7.281795418466751e-21
607, 739385.5691367073, 0, 0.0, 0.0, 0.02428455138467332, 7.141176638683281e-21
608, 738755.3498559799, 0, 0.0, 0.0, 0.02428455138467332, 7.003681841173263e-21
609, 738126.8320159998, 0, 0.0, 0.0, 0.02428455138467332, 6.869233275938802e-21
610, 737500.0100546232, 0, 0.0, 0.0, 0.02428455138467332, 6.737755325547249e-21
611, 736874.8784350866, 0, 0.0, 0.0, 0.02428455138467332, 6.609174441413715e-21
612, 736251.4316458676, 0, 0.0, 0.0, 0.02428455138467332, 6.483419082139173e-21
613, 735629.6642005453, 0, 0.0, 0.0, 0.02428455138467332, 6.36041965383302e-21
614, 735009.5706376628, 0, 0.0, 0.0, 0.02428455138467332, 6.240108452351606e-21
615, 734391.1455205895, 0, 0.0, 0.0, 0.02428455138467332, 6.122419607386801e-21
616, 733774.3834373851, 0, 0.0, 0.0, 0.02428455138467332, 6.00728902834108e-21
617, 733159.2790006633, 0, 0.0, 0.0, 0.02428455138467332, 5.89465435192783e-21
618, 732545.8268474584, 0, 0.0, 0.0, 0.02428455138467332, 5.78445489143803e-21
619, 731934.0216390898, 0, 0.0, 0.0, 0.02428455138467332, 5.67663158761632e-21
620, 731323.8580610317, 0, 0.0, 0.0, 0.02428455138467332, 5.571126961091758e-21
621, 730715.3308227793, 0, 0.0, 0.0, 0.02428455138467332, 5.4678850663106875e-21
622, 730108.434657718, 0, 0.0, 0.0, 0.02428455138467332, 5.366851446920461e-21
623, 729503.1643229938, 0, 0.0, 0.0, 0.02428455138467332, 5.267973092555349e-21
624, 728899.5145993828, 0, 0.0, 0.0, 0.02428455138467332, 5.1711983969771975e-21
625, 728297.4802911646, 0, 0.0, 0.0, 0.02428455138467332, 5.076477117525269e-21
626, 727697.0562259927, 0, 0.0, 0.0, 0.02428455138467332, 4.9837603358314466e-21
627, 727098.2372547683, 0, 0.0, 0.0, 0.02428455138467332, 4.893000419758345e-21
628, 726501.0182515151, 0, 0.0, 0.0, 0.02428455138467332, 4.804150986519517e-21
629, 725905.3941132522, 0, 0.0, 0.0, 0.02428455138467332, 4.717166866942378e-21
630, 725311.3597598721, 0, 0.0, 0.0, 0.02428455138467332, 4.632004070835882e-21
631, 724718.9101340151, 0, 0.0, 0.0, 0.02428455138467332, 4.548619753426186e-21
632, 724128.0402009476, 0, 0.0, 0.0, 0.02428455138467332, 4.466972182825166e-21
633, 723538.7449484395, 0, 0.0, 0.0, 0.02428455138467332, 4.387020708497528e-21
634, 722951.0193866438, 0, 0.0, 0.0, 0.02428455138467332, 4.3087257306936105e-21
635, 722364.858547976, 0, 0.0, 0.0, 0.02428455138467332, 4.232048670816258e-21
636, 721780.2574869933, 0, 0.0, 0.0, 0.02428455138467332, 4.156951942691065e-21
637, 721197.211280277, 0, 0.0, 0.0, 0.02428455138467332, 4.083398924710378e-21
638, 720615.7150263143, 0, 0.0, 0.0, 0.02428455138467332, 4.011353932822662e-21
639, 720035.7638453802, 0, 0.0, 0.0, 0.02428455138467332, 3.940782194339594e-21
640, 719457.3528794218, 0, 0.0, 0.0, 0.02428455138467332, 3.871649822534393e-21
641, 718880.477291942, 0, 0.0, 0.0, 0.02428455138467332, 3.803923792005579e-21
642, 718305.1322678846, 0, 0.0, 0.0, 0.02428455138467332, 3.737571914781645e-21
643, 717731.3130135194, 0, 0.0, 0.0, 0.02428455138467332, 3.6725628171425145e-21
644, 717159.0147563295, 0, 0.0, 0.0, 0.02428455138467332, 3.6088659171347786e-21
645, 716588.2327448981, 0, 0.0, 0.0, 0.02428455138467332, 3.546451402758419e-21
646, 716018.9622487959, 0, 0.0, 0.0, 0.02428455138467332, 3.485290210803518e-21
647, 715451.1985584692, 0, 0.0, 0.0, 0.02428455138467332, 3.425354006316049e-21
648, 714884.9369851315, 0, 0.0, 0.0, 0.02428455138467332, 3.3666151626728896e-21
649, 714320.1728606509, 0, 0.0, 0.0, 0.02428455138467332, 3.30904674224634e-21
650, 713756.9015374414, 0, 0.0, 0.0, 0.02428455138467332, 3.2526224776397573e-21
651, 713195.1183883555, 0, 0.0, 0.0, 0.02428455138467332, 3.197316753475873e-21
652, 712634.8188065749, 0, 0.0, 0.0, 0.02428455138467332, 3.1431045887205933e-21
653, 712075.9982055036, 0, 0.0, 0.0, 0.02428455138467332, 3.0899616195251516e-21
654, 711518.6520186616, 0, 0.0, 0.0, 0.02428455138467332, 3.037864082570443e-21
655, 710962.775699579, 0, 0.0, 0.0, 0.02428455138467332, 2.9867887988976865e-21
656, 710408.3647216901, 0, 0.0, 0.0, 0.02428455138467332, 2.9367131582101325e-21
657, 709855.4145782295, 0, 0.0, 0.0, 0.02428455138467332, 2.887615103631146e-21
658, 709303.9207821287, 0, 0.0, 0.0, 0.02428455138467332, 2.8394731169044295e-21
659, 708753.8788659115, 0, 0.0, 0.0, 0.02428455138467332, 2.792266204022475e-21
660, 708205.284381592, 0, 0.0, 0.0, 0.02428455138467332, 2.7459738812701142e-21
661, 707658.1329005732, 0, 0.0, 0.0, 0.02428455138467332, 2.7005761616701373e-21
662, 707112.4200135451, 0, 0.0, 0.0, 0.02428455138467332, 2.656053541818649e-21
663, 706568.1413303841, 0, 0.0, 0.0, 0.02428455138467332, 2.612386989098015e-21
664, 706025.2924800523, 0, 0.0, 0.0, 0.02428455138467332, 2.569557929255914e-21
665, 705483.8691105006, 0, 0.0, 0.0, 0.02428455138467332, 2.527548234339039e-21
666, 704943.8668885663, 0, 0.0, 0.0, 0.02428455138467332, 2.4863402109707613e-21
667, 704405.2814998778, 0, 0.0, 0.0, 0.02428455138467332, 2.4459165889620458e-21
668, 703868.1086487557, 0, 0.0, 0.0, 0.02428455138467332, 2.4062605102456177e-21
669, 703332.3440581161, 0, 0.0, 0.0, 0.02428455138467332, 2.3673555181233808e-21
670, 702797.9834693742, 0, 0.0, 0.0, 0.02428455138467332, 2.3291855468175637e-21
671, 702265.022642349, 0, 0.0, 0.0, 0.02428455138467332, 2.2917349113165288e-21
672, 701733.4573551681, 0, 0.0, 0.0, 0.02428455138467332, 2.2549882975060865e-21
673, 701203.2834041723, 0, 0.0, 0.0, 0.02428455138467332, 2.218930752577872e-21
674, 700674.4966038225, 0, 0.0, 0.0, 0.02428455138467332, 2.183547675706371e-21
675, 700147.0927866059, 0, 0.0, 0.0, 0.02428455138467332, 2.148824808986401e-21
676, 699621.067802944, 0, 0.0, 0.0, 0.02428455138467332, 2.114748228623426e-21
677, 699096.4175210993, 0, 0.0, 0.0, 0.02428455138467332, 2.08130433636896e-21
678, 698573.1378270837, 0, 0.0, 0.0, 0.02428455138467332, 2.0484798511937654e-21
679, 698051.2246245685, 0, 0.0, 0.0, 0.02428455138467332, 2.0162618011918517e-21
680, 697530.673834793, 0, 0.0, 0.0, 0.02428455138467332, 1.9846375157082033e-21
681, 697011.4813964752, 0, 0.0, 0.0, 0.02428455138467332, 1.9535946176838076e-21
682, 696493.6432657206, 0, 0.0, 0.0, 0.02428455138467332, 1.9231210162113384e-21
683, 695977.1554159367, 0, 0.0, 0.0, 0.02428455138467332, 1.8932048992954444e-21
684, 695462.0138377412, 0, 0.0, 0.0, 0.02428455138467332, 1.8638347268114057e-21
685, 694948.214538876, 0, 0.0, 0.0, 0.02428455138467332, 1.834999223656503e-21
686, 694435.7535441205, 0, 0.0, 0.0, 0.02428455138467332, 1.8066873730882695e-21
687, 693924.6268952035, 0, 0.0, 0.0, 0.02428455138467332, 1.7788884102442627e-21
688, 693414.8306507177, 0, 0.0, 0.0, 0.02428455138467332, 1.7515918158379577e-21
689, 692906.3608860347, 0, 0.0, 0.0, 0.02428455138467332, 1.724787310025638e-21
690, 692399.2136932185, 0, 0.0, 0.0, 0.02428455138467332, 1.6984648464393247e-21
691, 691893.3851809422, 0, 0.0, 0.0, 0.02428455138467332, 1.6726146063808705e-21
692, 691388.8714744034, 0, 0.0, 0.0, 0.02428455138467332, 1.6472269931725551e-21
693, 690885.6687152408, 0, 0.0, 0.0, 0.02428455138467332, 1.622292626659641e-21
694, 690383.7730614512, 0, 0.0, 0.0, 0.02428455138467332, 1.5978023378604955e-21
695, 689883.1806873059, 0, 0.0, 0.0, 0.02428455138467332, 1.5737471637599975e-21
696, 689383.8877832714, 0, 0.0, 0.0, 0.02428455138467332, 1.5501183422421828e-21
697, 688885.8905559244, 0, 0.0, 0.0, 0.02428455138467332, 1.526907307157983e-21
698, 688389.1852278736, 0, 0.0, 0.0, 0.02428455138467332, 1.5041056835243013e-21
699, 687893.7680376777, 0, 0.0, 0.0, 0.02428455138467332, 1.481705282850614e-21
700, 687399.6352397656, 0, 0.0, 0.0, 0.02428455138467332, 1.4596980985894805e-21
701, 686906.783104357, 0, 0.0, 0.0, 0.02428455138467332, 1.4380763017073847e-21
702, 686415.2079173833, 0, 0.0, 0.0, 0.02428455138467332, 1.4168322363724926e-21
703, 685924.9059804095, 0, 0.0, 0.0, 0.02428455138467332, 1.3959584157560954e-21
704, 685435.8736105539, 0, 0.0, 0.0, 0.02428455138467332, 1.3754475179443386e-21
705, 684948.107140415, 0, 0.0, 0.0, 0.02428455138467332, 1.3552923819572875e-21
706, 684461.6029179877, 0, 0.0, 0.0, 0.02428455138467332, 1.3354860038722088e-21
707, 683976.3573065938, 0, 0.0, 0.0, 0.02428455138467332, 1.3160215330481565e-21
708, 683492.3666847998, 0, 0.0, 0.0, 0.02428455138467332, 1.2968922684490022e-21
709, 683009.6274463448, 0, 0.0, 0.0, 0.02428455138467332, 1.2780916550621598e-21
710, 682528.136000063, 0, 0.0, 0.0, 0.02428455138467332, 1.2596132804103067e-21
711, 682047.8887698114, 0, 0.0, 0.0, 0.02428455138467332, 1.2414508711535447e-21
712, 681568.8821943911, 0, 0.0, 0.0, 0.02428455138467332, 1.2235982897794056e-21
713, 681091.1127274784, 0, 0.0, 0.0, 0.02428455138467332, 1.2060495313783297e-21
714, 680614.5768375472, 0, 0.0, 0.0, 0.02428455138467332, 1.1887987205022057e-21
715, 680139.2710077979, 0, 0.0, 0.0, 0.02428455138467332, 1.171840108103654e-21
716, 679665.191736084, 0, 0.0, 0.0, 0.02428455138467332, 1.1551680685538501e-21
717, 679192.3355348408, 0, 0.0, 0.0, 0.02428455138467332, 1.1387770967367235e-21
718, 678720.6989310122, 0, 0.0, 0.0, 0.02428455138467332, 1.122661805217378e-21
719, 678250.2784659802, 0, 0.0, 0.0, 0.02428455138467332, 1.1068169214827388e-21
720, 677781.0706954947, 0, 0.0, 0.0, 0.02428455138467332, 1.0912372852524379e-21
